aad,data,refID,saltData,userPin
wrteiytulopsh12345,PerfTest1234,REF1,qwery123,1234567
wrteiytulopsh12346,PerfTest1235,REF2,qwery124,1234568
wrteiytulopsh12347,PerfTest1236,REF3,qwery125,1234569
wrteiytulopsh12348,PerfTest1237,REF4,qwery126,1234570
wrteiytulopsh12349,PerfTest1238,REF5,qwery127,1234571
wrteiytulopsh12350,PerfTest1239,REF6,qwery128,1234572
wrteiytulopsh12351,PerfTest1240,REF7,qwery129,1234573
wrteiytulopsh12352,PerfTest1241,REF8,qwery130,1234574
wrteiytulopsh12353,PerfTest1242,REF9,qwery131,1234575
wrteiytulopsh12354,PerfTest1243,REF10,qwery132,1234576
wrteiytulopsh12355,PerfTest1244,REF11,qwery133,1234577
wrteiytulopsh12356,PerfTest1245,REF12,qwery134,1234578
wrteiytulopsh12357,PerfTest1246,REF13,qwery135,1234579
wrteiytulopsh12358,PerfTest1247,REF14,qwery136,1234580
wrteiytulopsh12359,PerfTest1248,REF15,qwery137,1234581
wrteiytulopsh12360,PerfTest1249,REF16,qwery138,1234582
wrteiytulopsh12361,PerfTest1250,REF17,qwery139,1234583
wrteiytulopsh12362,PerfTest1251,REF18,qwery140,1234584
wrteiytulopsh12363,PerfTest1252,REF19,qwery141,1234585
wrteiytulopsh12364,PerfTest1253,REF20,qwery142,1234586
wrteiytulopsh12365,PerfTest1254,REF21,qwery143,1234587
wrteiytulopsh12366,PerfTest1255,REF22,qwery144,1234588
wrteiytulopsh12367,PerfTest1256,REF23,qwery145,1234589
wrteiytulopsh12368,PerfTest1257,REF24,qwery146,1234590
wrteiytulopsh12369,PerfTest1258,REF25,qwery147,1234591
wrteiytulopsh12370,PerfTest1259,REF26,qwery148,1234592
wrteiytulopsh12371,PerfTest1260,REF27,qwery149,1234593
wrteiytulopsh12372,PerfTest1261,REF28,qwery150,1234594
wrteiytulopsh12373,PerfTest1262,REF29,qwery151,1234595
wrteiytulopsh12374,PerfTest1263,REF30,qwery152,1234596
wrteiytulopsh12375,PerfTest1264,REF31,qwery153,1234597
wrteiytulopsh12376,PerfTest1265,REF32,qwery154,1234598
wrteiytulopsh12377,PerfTest1266,REF33,qwery155,1234599
wrteiytulopsh12378,PerfTest1267,REF34,qwery156,1234600
wrteiytulopsh12379,PerfTest1268,REF35,qwery157,1234601
wrteiytulopsh12380,PerfTest1269,REF36,qwery158,1234602
wrteiytulopsh12381,PerfTest1270,REF37,qwery159,1234603
wrteiytulopsh12382,PerfTest1271,REF38,qwery160,1234604
wrteiytulopsh12383,PerfTest1272,REF39,qwery161,1234605
wrteiytulopsh12384,PerfTest1273,REF40,qwery162,1234606
wrteiytulopsh12385,PerfTest1274,REF41,qwery163,1234607
wrteiytulopsh12386,PerfTest1275,REF42,qwery164,1234608
wrteiytulopsh12387,PerfTest1276,REF43,qwery165,1234609
wrteiytulopsh12388,PerfTest1277,REF44,qwery166,1234610
wrteiytulopsh12389,PerfTest1278,REF45,qwery167,1234611
wrteiytulopsh12390,PerfTest1279,REF46,qwery168,1234612
wrteiytulopsh12391,PerfTest1280,REF47,qwery169,1234613
wrteiytulopsh12392,PerfTest1281,REF48,qwery170,1234614
wrteiytulopsh12393,PerfTest1282,REF49,qwery171,1234615
wrteiytulopsh12394,PerfTest1283,REF50,qwery172,1234616
wrteiytulopsh12395,PerfTest1284,REF51,qwery173,1234617
wrteiytulopsh12396,PerfTest1285,REF52,qwery174,1234618
wrteiytulopsh12397,PerfTest1286,REF53,qwery175,1234619
wrteiytulopsh12398,PerfTest1287,REF54,qwery176,1234620
wrteiytulopsh12399,PerfTest1288,REF55,qwery177,1234621
wrteiytulopsh12400,PerfTest1289,REF56,qwery178,1234622
wrteiytulopsh12401,PerfTest1290,REF57,qwery179,1234623
wrteiytulopsh12402,PerfTest1291,REF58,qwery180,1234624
wrteiytulopsh12403,PerfTest1292,REF59,qwery181,1234625
wrteiytulopsh12404,PerfTest1293,REF60,qwery182,1234626
wrteiytulopsh12405,PerfTest1294,REF61,qwery183,1234627
wrteiytulopsh12406,PerfTest1295,REF62,qwery184,1234628
wrteiytulopsh12407,PerfTest1296,REF63,qwery185,1234629
wrteiytulopsh12408,PerfTest1297,REF64,qwery186,1234630
wrteiytulopsh12409,PerfTest1298,REF65,qwery187,1234631
wrteiytulopsh12410,PerfTest1299,REF66,qwery188,1234632
wrteiytulopsh12411,PerfTest1300,REF67,qwery189,1234633
wrteiytulopsh12412,PerfTest1301,REF68,qwery190,1234634
wrteiytulopsh12413,PerfTest1302,REF69,qwery191,1234635
wrteiytulopsh12414,PerfTest1303,REF70,qwery192,1234636
wrteiytulopsh12415,PerfTest1304,REF71,qwery193,1234637
wrteiytulopsh12416,PerfTest1305,REF72,qwery194,1234638
wrteiytulopsh12417,PerfTest1306,REF73,qwery195,1234639
wrteiytulopsh12418,PerfTest1307,REF74,qwery196,1234640
wrteiytulopsh12419,PerfTest1308,REF75,qwery197,1234641
wrteiytulopsh12420,PerfTest1309,REF76,qwery198,1234642
wrteiytulopsh12421,PerfTest1310,REF77,qwery199,1234643
wrteiytulopsh12422,PerfTest1311,REF78,qwery200,1234644
wrteiytulopsh12423,PerfTest1312,REF79,qwery201,1234645
wrteiytulopsh12424,PerfTest1313,REF80,qwery202,1234646
wrteiytulopsh12425,PerfTest1314,REF81,qwery203,1234647
wrteiytulopsh12426,PerfTest1315,REF82,qwery204,1234648
wrteiytulopsh12427,PerfTest1316,REF83,qwery205,1234649
wrteiytulopsh12428,PerfTest1317,REF84,qwery206,1234650
wrteiytulopsh12429,PerfTest1318,REF85,qwery207,1234651
wrteiytulopsh12430,PerfTest1319,REF86,qwery208,1234652
wrteiytulopsh12431,PerfTest1320,REF87,qwery209,1234653
wrteiytulopsh12432,PerfTest1321,REF88,qwery210,1234654
wrteiytulopsh12433,PerfTest1322,REF89,qwery211,1234655
wrteiytulopsh12434,PerfTest1323,REF90,qwery212,1234656
wrteiytulopsh12435,PerfTest1324,REF91,qwery213,1234657
wrteiytulopsh12436,PerfTest1325,REF92,qwery214,1234658
wrteiytulopsh12437,PerfTest1326,REF93,qwery215,1234659
wrteiytulopsh12438,PerfTest1327,REF94,qwery216,1234660
wrteiytulopsh12439,PerfTest1328,REF95,qwery217,1234661
wrteiytulopsh12440,PerfTest1329,REF96,qwery218,1234662
wrteiytulopsh12441,PerfTest1330,REF97,qwery219,1234663
wrteiytulopsh12442,PerfTest1331,REF98,qwery220,1234664
wrteiytulopsh12443,PerfTest1332,REF99,qwery221,1234665
wrteiytulopsh12444,PerfTest1333,REF100,qwery222,1234666
wrteiytulopsh12445,PerfTest1334,REF101,qwery223,1234667
wrteiytulopsh12446,PerfTest1335,REF102,qwery224,1234668
wrteiytulopsh12447,PerfTest1336,REF103,qwery225,1234669
wrteiytulopsh12448,PerfTest1337,REF104,qwery226,1234670
wrteiytulopsh12449,PerfTest1338,REF105,qwery227,1234671
wrteiytulopsh12450,PerfTest1339,REF106,qwery228,1234672
wrteiytulopsh12451,PerfTest1340,REF107,qwery229,1234673
wrteiytulopsh12452,PerfTest1341,REF108,qwery230,1234674
wrteiytulopsh12453,PerfTest1342,REF109,qwery231,1234675
wrteiytulopsh12454,PerfTest1343,REF110,qwery232,1234676
wrteiytulopsh12455,PerfTest1344,REF111,qwery233,1234677
wrteiytulopsh12456,PerfTest1345,REF112,qwery234,1234678
wrteiytulopsh12457,PerfTest1346,REF113,qwery235,1234679
wrteiytulopsh12458,PerfTest1347,REF114,qwery236,1234680
wrteiytulopsh12459,PerfTest1348,REF115,qwery237,1234681
wrteiytulopsh12460,PerfTest1349,REF116,qwery238,1234682
wrteiytulopsh12461,PerfTest1350,REF117,qwery239,1234683
wrteiytulopsh12462,PerfTest1351,REF118,qwery240,1234684
wrteiytulopsh12463,PerfTest1352,REF119,qwery241,1234685
wrteiytulopsh12464,PerfTest1353,REF120,qwery242,1234686
wrteiytulopsh12465,PerfTest1354,REF121,qwery243,1234687
wrteiytulopsh12466,PerfTest1355,REF122,qwery244,1234688
wrteiytulopsh12467,PerfTest1356,REF123,qwery245,1234689
wrteiytulopsh12468,PerfTest1357,REF124,qwery246,1234690
wrteiytulopsh12469,PerfTest1358,REF125,qwery247,1234691
wrteiytulopsh12470,PerfTest1359,REF126,qwery248,1234692
wrteiytulopsh12471,PerfTest1360,REF127,qwery249,1234693
wrteiytulopsh12472,PerfTest1361,REF128,qwery250,1234694
wrteiytulopsh12473,PerfTest1362,REF129,qwery251,1234695
wrteiytulopsh12474,PerfTest1363,REF130,qwery252,1234696
wrteiytulopsh12475,PerfTest1364,REF131,qwery253,1234697
wrteiytulopsh12476,PerfTest1365,REF132,qwery254,1234698
wrteiytulopsh12477,PerfTest1366,REF133,qwery255,1234699
wrteiytulopsh12478,PerfTest1367,REF134,qwery256,1234700
wrteiytulopsh12479,PerfTest1368,REF135,qwery257,1234701
wrteiytulopsh12480,PerfTest1369,REF136,qwery258,1234702
wrteiytulopsh12481,PerfTest1370,REF137,qwery259,1234703
wrteiytulopsh12482,PerfTest1371,REF138,qwery260,1234704
wrteiytulopsh12483,PerfTest1372,REF139,qwery261,1234705
wrteiytulopsh12484,PerfTest1373,REF140,qwery262,1234706
wrteiytulopsh12485,PerfTest1374,REF141,qwery263,1234707
wrteiytulopsh12486,PerfTest1375,REF142,qwery264,1234708
wrteiytulopsh12487,PerfTest1376,REF143,qwery265,1234709
wrteiytulopsh12488,PerfTest1377,REF144,qwery266,1234710
wrteiytulopsh12489,PerfTest1378,REF145,qwery267,1234711
wrteiytulopsh12490,PerfTest1379,REF146,qwery268,1234712
wrteiytulopsh12491,PerfTest1380,REF147,qwery269,1234713
wrteiytulopsh12492,PerfTest1381,REF148,qwery270,1234714
wrteiytulopsh12493,PerfTest1382,REF149,qwery271,1234715
wrteiytulopsh12494,PerfTest1383,REF150,qwery272,1234716
wrteiytulopsh12495,PerfTest1384,REF151,qwery273,1234717
wrteiytulopsh12496,PerfTest1385,REF152,qwery274,1234718
wrteiytulopsh12497,PerfTest1386,REF153,qwery275,1234719
wrteiytulopsh12498,PerfTest1387,REF154,qwery276,1234720
wrteiytulopsh12499,PerfTest1388,REF155,qwery277,1234721
wrteiytulopsh12500,PerfTest1389,REF156,qwery278,1234722
wrteiytulopsh12501,PerfTest1390,REF157,qwery279,1234723
wrteiytulopsh12502,PerfTest1391,REF158,qwery280,1234724
wrteiytulopsh12503,PerfTest1392,REF159,qwery281,1234725
wrteiytulopsh12504,PerfTest1393,REF160,qwery282,1234726
wrteiytulopsh12505,PerfTest1394,REF161,qwery283,1234727
wrteiytulopsh12506,PerfTest1395,REF162,qwery284,1234728
wrteiytulopsh12507,PerfTest1396,REF163,qwery285,1234729
wrteiytulopsh12508,PerfTest1397,REF164,qwery286,1234730
wrteiytulopsh12509,PerfTest1398,REF165,qwery287,1234731
wrteiytulopsh12510,PerfTest1399,REF166,qwery288,1234732
wrteiytulopsh12511,PerfTest1400,REF167,qwery289,1234733
wrteiytulopsh12512,PerfTest1401,REF168,qwery290,1234734
wrteiytulopsh12513,PerfTest1402,REF169,qwery291,1234735
wrteiytulopsh12514,PerfTest1403,REF170,qwery292,1234736
wrteiytulopsh12515,PerfTest1404,REF171,qwery293,1234737
wrteiytulopsh12516,PerfTest1405,REF172,qwery294,1234738
wrteiytulopsh12517,PerfTest1406,REF173,qwery295,1234739
wrteiytulopsh12518,PerfTest1407,REF174,qwery296,1234740
wrteiytulopsh12519,PerfTest1408,REF175,qwery297,1234741
wrteiytulopsh12520,PerfTest1409,REF176,qwery298,1234742
wrteiytulopsh12521,PerfTest1410,REF177,qwery299,1234743
wrteiytulopsh12522,PerfTest1411,REF178,qwery300,1234744
wrteiytulopsh12523,PerfTest1412,REF179,qwery301,1234745
wrteiytulopsh12524,PerfTest1413,REF180,qwery302,1234746
wrteiytulopsh12525,PerfTest1414,REF181,qwery303,1234747
wrteiytulopsh12526,PerfTest1415,REF182,qwery304,1234748
wrteiytulopsh12527,PerfTest1416,REF183,qwery305,1234749
wrteiytulopsh12528,PerfTest1417,REF184,qwery306,1234750
wrteiytulopsh12529,PerfTest1418,REF185,qwery307,1234751
wrteiytulopsh12530,PerfTest1419,REF186,qwery308,1234752
wrteiytulopsh12531,PerfTest1420,REF187,qwery309,1234753
wrteiytulopsh12532,PerfTest1421,REF188,qwery310,1234754
wrteiytulopsh12533,PerfTest1422,REF189,qwery311,1234755
wrteiytulopsh12534,PerfTest1423,REF190,qwery312,1234756
wrteiytulopsh12535,PerfTest1424,REF191,qwery313,1234757
wrteiytulopsh12536,PerfTest1425,REF192,qwery314,1234758
wrteiytulopsh12537,PerfTest1426,REF193,qwery315,1234759
wrteiytulopsh12538,PerfTest1427,REF194,qwery316,1234760
wrteiytulopsh12539,PerfTest1428,REF195,qwery317,1234761
wrteiytulopsh12540,PerfTest1429,REF196,qwery318,1234762
wrteiytulopsh12541,PerfTest1430,REF197,qwery319,1234763
wrteiytulopsh12542,PerfTest1431,REF198,qwery320,1234764
wrteiytulopsh12543,PerfTest1432,REF199,qwery321,1234765
wrteiytulopsh12544,PerfTest1433,REF200,qwery322,1234766
wrteiytulopsh12545,PerfTest1434,REF201,qwery323,1234767
wrteiytulopsh12546,PerfTest1435,REF202,qwery324,1234768
wrteiytulopsh12547,PerfTest1436,REF203,qwery325,1234769
wrteiytulopsh12548,PerfTest1437,REF204,qwery326,1234770
wrteiytulopsh12549,PerfTest1438,REF205,qwery327,1234771
wrteiytulopsh12550,PerfTest1439,REF206,qwery328,1234772
wrteiytulopsh12551,PerfTest1440,REF207,qwery329,1234773
wrteiytulopsh12552,PerfTest1441,REF208,qwery330,1234774
wrteiytulopsh12553,PerfTest1442,REF209,qwery331,1234775
wrteiytulopsh12554,PerfTest1443,REF210,qwery332,1234776
wrteiytulopsh12555,PerfTest1444,REF211,qwery333,1234777
wrteiytulopsh12556,PerfTest1445,REF212,qwery334,1234778
wrteiytulopsh12557,PerfTest1446,REF213,qwery335,1234779
wrteiytulopsh12558,PerfTest1447,REF214,qwery336,1234780
wrteiytulopsh12559,PerfTest1448,REF215,qwery337,1234781
wrteiytulopsh12560,PerfTest1449,REF216,qwery338,1234782
wrteiytulopsh12561,PerfTest1450,REF217,qwery339,1234783
wrteiytulopsh12562,PerfTest1451,REF218,qwery340,1234784
wrteiytulopsh12563,PerfTest1452,REF219,qwery341,1234785
wrteiytulopsh12564,PerfTest1453,REF220,qwery342,1234786
wrteiytulopsh12565,PerfTest1454,REF221,qwery343,1234787
wrteiytulopsh12566,PerfTest1455,REF222,qwery344,1234788
wrteiytulopsh12567,PerfTest1456,REF223,qwery345,1234789
wrteiytulopsh12568,PerfTest1457,REF224,qwery346,1234790
wrteiytulopsh12569,PerfTest1458,REF225,qwery347,1234791
wrteiytulopsh12570,PerfTest1459,REF226,qwery348,1234792
wrteiytulopsh12571,PerfTest1460,REF227,qwery349,1234793
wrteiytulopsh12572,PerfTest1461,REF228,qwery350,1234794
wrteiytulopsh12573,PerfTest1462,REF229,qwery351,1234795
wrteiytulopsh12574,PerfTest1463,REF230,qwery352,1234796
wrteiytulopsh12575,PerfTest1464,REF231,qwery353,1234797
wrteiytulopsh12576,PerfTest1465,REF232,qwery354,1234798
wrteiytulopsh12577,PerfTest1466,REF233,qwery355,1234799
wrteiytulopsh12578,PerfTest1467,REF234,qwery356,1234800
wrteiytulopsh12579,PerfTest1468,REF235,qwery357,1234801
wrteiytulopsh12580,PerfTest1469,REF236,qwery358,1234802
wrteiytulopsh12581,PerfTest1470,REF237,qwery359,1234803
wrteiytulopsh12582,PerfTest1471,REF238,qwery360,1234804
wrteiytulopsh12583,PerfTest1472,REF239,qwery361,1234805
wrteiytulopsh12584,PerfTest1473,REF240,qwery362,1234806
wrteiytulopsh12585,PerfTest1474,REF241,qwery363,1234807
wrteiytulopsh12586,PerfTest1475,REF242,qwery364,1234808
wrteiytulopsh12587,PerfTest1476,REF243,qwery365,1234809
wrteiytulopsh12588,PerfTest1477,REF244,qwery366,1234810
wrteiytulopsh12589,PerfTest1478,REF245,qwery367,1234811
wrteiytulopsh12590,PerfTest1479,REF246,qwery368,1234812
wrteiytulopsh12591,PerfTest1480,REF247,qwery369,1234813
wrteiytulopsh12592,PerfTest1481,REF248,qwery370,1234814
wrteiytulopsh12593,PerfTest1482,REF249,qwery371,1234815
wrteiytulopsh12594,PerfTest1483,REF250,qwery372,1234816
wrteiytulopsh12595,PerfTest1484,REF251,qwery373,1234817
wrteiytulopsh12596,PerfTest1485,REF252,qwery374,1234818
wrteiytulopsh12597,PerfTest1486,REF253,qwery375,1234819
wrteiytulopsh12598,PerfTest1487,REF254,qwery376,1234820
wrteiytulopsh12599,PerfTest1488,REF255,qwery377,1234821
wrteiytulopsh12600,PerfTest1489,REF256,qwery378,1234822
wrteiytulopsh12601,PerfTest1490,REF257,qwery379,1234823
wrteiytulopsh12602,PerfTest1491,REF258,qwery380,1234824
wrteiytulopsh12603,PerfTest1492,REF259,qwery381,1234825
wrteiytulopsh12604,PerfTest1493,REF260,qwery382,1234826
wrteiytulopsh12605,PerfTest1494,REF261,qwery383,1234827
wrteiytulopsh12606,PerfTest1495,REF262,qwery384,1234828
wrteiytulopsh12607,PerfTest1496,REF263,qwery385,1234829
wrteiytulopsh12608,PerfTest1497,REF264,qwery386,1234830
wrteiytulopsh12609,PerfTest1498,REF265,qwery387,1234831
wrteiytulopsh12610,PerfTest1499,REF266,qwery388,1234832
wrteiytulopsh12611,PerfTest1500,REF267,qwery389,1234833
wrteiytulopsh12612,PerfTest1501,REF268,qwery390,1234834
wrteiytulopsh12613,PerfTest1502,REF269,qwery391,1234835
wrteiytulopsh12614,PerfTest1503,REF270,qwery392,1234836
wrteiytulopsh12615,PerfTest1504,REF271,qwery393,1234837
wrteiytulopsh12616,PerfTest1505,REF272,qwery394,1234838
wrteiytulopsh12617,PerfTest1506,REF273,qwery395,1234839
wrteiytulopsh12618,PerfTest1507,REF274,qwery396,1234840
wrteiytulopsh12619,PerfTest1508,REF275,qwery397,1234841
wrteiytulopsh12620,PerfTest1509,REF276,qwery398,1234842
wrteiytulopsh12621,PerfTest1510,REF277,qwery399,1234843
wrteiytulopsh12622,PerfTest1511,REF278,qwery400,1234844
wrteiytulopsh12623,PerfTest1512,REF279,qwery401,1234845
wrteiytulopsh12624,PerfTest1513,REF280,qwery402,1234846
wrteiytulopsh12625,PerfTest1514,REF281,qwery403,1234847
wrteiytulopsh12626,PerfTest1515,REF282,qwery404,1234848
wrteiytulopsh12627,PerfTest1516,REF283,qwery405,1234849
wrteiytulopsh12628,PerfTest1517,REF284,qwery406,1234850
wrteiytulopsh12629,PerfTest1518,REF285,qwery407,1234851
wrteiytulopsh12630,PerfTest1519,REF286,qwery408,1234852
wrteiytulopsh12631,PerfTest1520,REF287,qwery409,1234853
wrteiytulopsh12632,PerfTest1521,REF288,qwery410,1234854
wrteiytulopsh12633,PerfTest1522,REF289,qwery411,1234855
wrteiytulopsh12634,PerfTest1523,REF290,qwery412,1234856
wrteiytulopsh12635,PerfTest1524,REF291,qwery413,1234857
wrteiytulopsh12636,PerfTest1525,REF292,qwery414,1234858
wrteiytulopsh12637,PerfTest1526,REF293,qwery415,1234859
wrteiytulopsh12638,PerfTest1527,REF294,qwery416,1234860
wrteiytulopsh12639,PerfTest1528,REF295,qwery417,1234861
wrteiytulopsh12640,PerfTest1529,REF296,qwery418,1234862
wrteiytulopsh12641,PerfTest1530,REF297,qwery419,1234863
wrteiytulopsh12642,PerfTest1531,REF298,qwery420,1234864
wrteiytulopsh12643,PerfTest1532,REF299,qwery421,1234865
wrteiytulopsh12644,PerfTest1533,REF300,qwery422,1234866
wrteiytulopsh12645,PerfTest1534,REF301,qwery423,1234867
wrteiytulopsh12646,PerfTest1535,REF302,qwery424,1234868
wrteiytulopsh12647,PerfTest1536,REF303,qwery425,1234869
wrteiytulopsh12648,PerfTest1537,REF304,qwery426,1234870
wrteiytulopsh12649,PerfTest1538,REF305,qwery427,1234871
wrteiytulopsh12650,PerfTest1539,REF306,qwery428,1234872
wrteiytulopsh12651,PerfTest1540,REF307,qwery429,1234873
wrteiytulopsh12652,PerfTest1541,REF308,qwery430,1234874
wrteiytulopsh12653,PerfTest1542,REF309,qwery431,1234875
wrteiytulopsh12654,PerfTest1543,REF310,qwery432,1234876
wrteiytulopsh12655,PerfTest1544,REF311,qwery433,1234877
wrteiytulopsh12656,PerfTest1545,REF312,qwery434,1234878
wrteiytulopsh12657,PerfTest1546,REF313,qwery435,1234879
wrteiytulopsh12658,PerfTest1547,REF314,qwery436,1234880
wrteiytulopsh12659,PerfTest1548,REF315,qwery437,1234881
wrteiytulopsh12660,PerfTest1549,REF316,qwery438,1234882
wrteiytulopsh12661,PerfTest1550,REF317,qwery439,1234883
wrteiytulopsh12662,PerfTest1551,REF318,qwery440,1234884
wrteiytulopsh12663,PerfTest1552,REF319,qwery441,1234885
wrteiytulopsh12664,PerfTest1553,REF320,qwery442,1234886
wrteiytulopsh12665,PerfTest1554,REF321,qwery443,1234887
wrteiytulopsh12666,PerfTest1555,REF322,qwery444,1234888
wrteiytulopsh12667,PerfTest1556,REF323,qwery445,1234889
wrteiytulopsh12668,PerfTest1557,REF324,qwery446,1234890
wrteiytulopsh12669,PerfTest1558,REF325,qwery447,1234891
wrteiytulopsh12670,PerfTest1559,REF326,qwery448,1234892
wrteiytulopsh12671,PerfTest1560,REF327,qwery449,1234893
wrteiytulopsh12672,PerfTest1561,REF328,qwery450,1234894
wrteiytulopsh12673,PerfTest1562,REF329,qwery451,1234895
wrteiytulopsh12674,PerfTest1563,REF330,qwery452,1234896
wrteiytulopsh12675,PerfTest1564,REF331,qwery453,1234897
wrteiytulopsh12676,PerfTest1565,REF332,qwery454,1234898
wrteiytulopsh12677,PerfTest1566,REF333,qwery455,1234899
wrteiytulopsh12678,PerfTest1567,REF334,qwery456,1234900
wrteiytulopsh12679,PerfTest1568,REF335,qwery457,1234901
wrteiytulopsh12680,PerfTest1569,REF336,qwery458,1234902
wrteiytulopsh12681,PerfTest1570,REF337,qwery459,1234903
wrteiytulopsh12682,PerfTest1571,REF338,qwery460,1234904
wrteiytulopsh12683,PerfTest1572,REF339,qwery461,1234905
wrteiytulopsh12684,PerfTest1573,REF340,qwery462,1234906
wrteiytulopsh12685,PerfTest1574,REF341,qwery463,1234907
wrteiytulopsh12686,PerfTest1575,REF342,qwery464,1234908
wrteiytulopsh12687,PerfTest1576,REF343,qwery465,1234909
wrteiytulopsh12688,PerfTest1577,REF344,qwery466,1234910
wrteiytulopsh12689,PerfTest1578,REF345,qwery467,1234911
wrteiytulopsh12690,PerfTest1579,REF346,qwery468,1234912
wrteiytulopsh12691,PerfTest1580,REF347,qwery469,1234913
wrteiytulopsh12692,PerfTest1581,REF348,qwery470,1234914
wrteiytulopsh12693,PerfTest1582,REF349,qwery471,1234915
wrteiytulopsh12694,PerfTest1583,REF350,qwery472,1234916
wrteiytulopsh12695,PerfTest1584,REF351,qwery473,1234917
wrteiytulopsh12696,PerfTest1585,REF352,qwery474,1234918
wrteiytulopsh12697,PerfTest1586,REF353,qwery475,1234919
wrteiytulopsh12698,PerfTest1587,REF354,qwery476,1234920
wrteiytulopsh12699,PerfTest1588,REF355,qwery477,1234921
wrteiytulopsh12700,PerfTest1589,REF356,qwery478,1234922
wrteiytulopsh12701,PerfTest1590,REF357,qwery479,1234923
wrteiytulopsh12702,PerfTest1591,REF358,qwery480,1234924
wrteiytulopsh12703,PerfTest1592,REF359,qwery481,1234925
wrteiytulopsh12704,PerfTest1593,REF360,qwery482,1234926
wrteiytulopsh12705,PerfTest1594,REF361,qwery483,1234927
wrteiytulopsh12706,PerfTest1595,REF362,qwery484,1234928
wrteiytulopsh12707,PerfTest1596,REF363,qwery485,1234929
wrteiytulopsh12708,PerfTest1597,REF364,qwery486,1234930
wrteiytulopsh12709,PerfTest1598,REF365,qwery487,1234931
wrteiytulopsh12710,PerfTest1599,REF366,qwery488,1234932
wrteiytulopsh12711,PerfTest1600,REF367,qwery489,1234933
wrteiytulopsh12712,PerfTest1601,REF368,qwery490,1234934
wrteiytulopsh12713,PerfTest1602,REF369,qwery491,1234935
wrteiytulopsh12714,PerfTest1603,REF370,qwery492,1234936
wrteiytulopsh12715,PerfTest1604,REF371,qwery493,1234937
wrteiytulopsh12716,PerfTest1605,REF372,qwery494,1234938
wrteiytulopsh12717,PerfTest1606,REF373,qwery495,1234939
wrteiytulopsh12718,PerfTest1607,REF374,qwery496,1234940
wrteiytulopsh12719,PerfTest1608,REF375,qwery497,1234941
wrteiytulopsh12720,PerfTest1609,REF376,qwery498,1234942
wrteiytulopsh12721,PerfTest1610,REF377,qwery499,1234943
wrteiytulopsh12722,PerfTest1611,REF378,qwery500,1234944
wrteiytulopsh12723,PerfTest1612,REF379,qwery501,1234945
wrteiytulopsh12724,PerfTest1613,REF380,qwery502,1234946
wrteiytulopsh12725,PerfTest1614,REF381,qwery503,1234947
wrteiytulopsh12726,PerfTest1615,REF382,qwery504,1234948
wrteiytulopsh12727,PerfTest1616,REF383,qwery505,1234949
wrteiytulopsh12728,PerfTest1617,REF384,qwery506,1234950
wrteiytulopsh12729,PerfTest1618,REF385,qwery507,1234951
wrteiytulopsh12730,PerfTest1619,REF386,qwery508,1234952
wrteiytulopsh12731,PerfTest1620,REF387,qwery509,1234953
wrteiytulopsh12732,PerfTest1621,REF388,qwery510,1234954
wrteiytulopsh12733,PerfTest1622,REF389,qwery511,1234955
wrteiytulopsh12734,PerfTest1623,REF390,qwery512,1234956
wrteiytulopsh12735,PerfTest1624,REF391,qwery513,1234957
wrteiytulopsh12736,PerfTest1625,REF392,qwery514,1234958
wrteiytulopsh12737,PerfTest1626,REF393,qwery515,1234959
wrteiytulopsh12738,PerfTest1627,REF394,qwery516,1234960
wrteiytulopsh12739,PerfTest1628,REF395,qwery517,1234961
wrteiytulopsh12740,PerfTest1629,REF396,qwery518,1234962
wrteiytulopsh12741,PerfTest1630,REF397,qwery519,1234963
wrteiytulopsh12742,PerfTest1631,REF398,qwery520,1234964
wrteiytulopsh12743,PerfTest1632,REF399,qwery521,1234965
wrteiytulopsh12744,PerfTest1633,REF400,qwery522,1234966
wrteiytulopsh12745,PerfTest1634,REF401,qwery523,1234967
wrteiytulopsh12746,PerfTest1635,REF402,qwery524,1234968
wrteiytulopsh12747,PerfTest1636,REF403,qwery525,1234969
wrteiytulopsh12748,PerfTest1637,REF404,qwery526,1234970
wrteiytulopsh12749,PerfTest1638,REF405,qwery527,1234971
wrteiytulopsh12750,PerfTest1639,REF406,qwery528,1234972
wrteiytulopsh12751,PerfTest1640,REF407,qwery529,1234973
wrteiytulopsh12752,PerfTest1641,REF408,qwery530,1234974
wrteiytulopsh12753,PerfTest1642,REF409,qwery531,1234975
wrteiytulopsh12754,PerfTest1643,REF410,qwery532,1234976
wrteiytulopsh12755,PerfTest1644,REF411,qwery533,1234977
wrteiytulopsh12756,PerfTest1645,REF412,qwery534,1234978
wrteiytulopsh12757,PerfTest1646,REF413,qwery535,1234979
wrteiytulopsh12758,PerfTest1647,REF414,qwery536,1234980
wrteiytulopsh12759,PerfTest1648,REF415,qwery537,1234981
wrteiytulopsh12760,PerfTest1649,REF416,qwery538,1234982
wrteiytulopsh12761,PerfTest1650,REF417,qwery539,1234983
wrteiytulopsh12762,PerfTest1651,REF418,qwery540,1234984
wrteiytulopsh12763,PerfTest1652,REF419,qwery541,1234985
wrteiytulopsh12764,PerfTest1653,REF420,qwery542,1234986
wrteiytulopsh12765,PerfTest1654,REF421,qwery543,1234987
wrteiytulopsh12766,PerfTest1655,REF422,qwery544,1234988
wrteiytulopsh12767,PerfTest1656,REF423,qwery545,1234989
wrteiytulopsh12768,PerfTest1657,REF424,qwery546,1234990
wrteiytulopsh12769,PerfTest1658,REF425,qwery547,1234991
wrteiytulopsh12770,PerfTest1659,REF426,qwery548,1234992
wrteiytulopsh12771,PerfTest1660,REF427,qwery549,1234993
wrteiytulopsh12772,PerfTest1661,REF428,qwery550,1234994
wrteiytulopsh12773,PerfTest1662,REF429,qwery551,1234995
wrteiytulopsh12774,PerfTest1663,REF430,qwery552,1234996
wrteiytulopsh12775,PerfTest1664,REF431,qwery553,1234997
wrteiytulopsh12776,PerfTest1665,REF432,qwery554,1234998
wrteiytulopsh12777,PerfTest1666,REF433,qwery555,1234999
wrteiytulopsh12778,PerfTest1667,REF434,qwery556,1235000
wrteiytulopsh12779,PerfTest1668,REF435,qwery557,1235001
wrteiytulopsh12780,PerfTest1669,REF436,qwery558,1235002
wrteiytulopsh12781,PerfTest1670,REF437,qwery559,1235003
wrteiytulopsh12782,PerfTest1671,REF438,qwery560,1235004
wrteiytulopsh12783,PerfTest1672,REF439,qwery561,1235005
wrteiytulopsh12784,PerfTest1673,REF440,qwery562,1235006
wrteiytulopsh12785,PerfTest1674,REF441,qwery563,1235007
wrteiytulopsh12786,PerfTest1675,REF442,qwery564,1235008
wrteiytulopsh12787,PerfTest1676,REF443,qwery565,1235009
wrteiytulopsh12788,PerfTest1677,REF444,qwery566,1235010
wrteiytulopsh12789,PerfTest1678,REF445,qwery567,1235011
wrteiytulopsh12790,PerfTest1679,REF446,qwery568,1235012
wrteiytulopsh12791,PerfTest1680,REF447,qwery569,1235013
wrteiytulopsh12792,PerfTest1681,REF448,qwery570,1235014
wrteiytulopsh12793,PerfTest1682,REF449,qwery571,1235015
wrteiytulopsh12794,PerfTest1683,REF450,qwery572,1235016
wrteiytulopsh12795,PerfTest1684,REF451,qwery573,1235017
wrteiytulopsh12796,PerfTest1685,REF452,qwery574,1235018
wrteiytulopsh12797,PerfTest1686,REF453,qwery575,1235019
wrteiytulopsh12798,PerfTest1687,REF454,qwery576,1235020
wrteiytulopsh12799,PerfTest1688,REF455,qwery577,1235021
wrteiytulopsh12800,PerfTest1689,REF456,qwery578,1235022
wrteiytulopsh12801,PerfTest1690,REF457,qwery579,1235023
wrteiytulopsh12802,PerfTest1691,REF458,qwery580,1235024
wrteiytulopsh12803,PerfTest1692,REF459,qwery581,1235025
wrteiytulopsh12804,PerfTest1693,REF460,qwery582,1235026
wrteiytulopsh12805,PerfTest1694,REF461,qwery583,1235027
wrteiytulopsh12806,PerfTest1695,REF462,qwery584,1235028
wrteiytulopsh12807,PerfTest1696,REF463,qwery585,1235029
wrteiytulopsh12808,PerfTest1697,REF464,qwery586,1235030
wrteiytulopsh12809,PerfTest1698,REF465,qwery587,1235031
wrteiytulopsh12810,PerfTest1699,REF466,qwery588,1235032
wrteiytulopsh12811,PerfTest1700,REF467,qwery589,1235033
wrteiytulopsh12812,PerfTest1701,REF468,qwery590,1235034
wrteiytulopsh12813,PerfTest1702,REF469,qwery591,1235035
wrteiytulopsh12814,PerfTest1703,REF470,qwery592,1235036
wrteiytulopsh12815,PerfTest1704,REF471,qwery593,1235037
wrteiytulopsh12816,PerfTest1705,REF472,qwery594,1235038
wrteiytulopsh12817,PerfTest1706,REF473,qwery595,1235039
wrteiytulopsh12818,PerfTest1707,REF474,qwery596,1235040
wrteiytulopsh12819,PerfTest1708,REF475,qwery597,1235041
wrteiytulopsh12820,PerfTest1709,REF476,qwery598,1235042
wrteiytulopsh12821,PerfTest1710,REF477,qwery599,1235043
wrteiytulopsh12822,PerfTest1711,REF478,qwery600,1235044
wrteiytulopsh12823,PerfTest1712,REF479,qwery601,1235045
wrteiytulopsh12824,PerfTest1713,REF480,qwery602,1235046
wrteiytulopsh12825,PerfTest1714,REF481,qwery603,1235047
wrteiytulopsh12826,PerfTest1715,REF482,qwery604,1235048
wrteiytulopsh12827,PerfTest1716,REF483,qwery605,1235049
wrteiytulopsh12828,PerfTest1717,REF484,qwery606,1235050
wrteiytulopsh12829,PerfTest1718,REF485,qwery607,1235051
wrteiytulopsh12830,PerfTest1719,REF486,qwery608,1235052
wrteiytulopsh12831,PerfTest1720,REF487,qwery609,1235053
wrteiytulopsh12832,PerfTest1721,REF488,qwery610,1235054
wrteiytulopsh12833,PerfTest1722,REF489,qwery611,1235055
wrteiytulopsh12834,PerfTest1723,REF490,qwery612,1235056
wrteiytulopsh12835,PerfTest1724,REF491,qwery613,1235057
wrteiytulopsh12836,PerfTest1725,REF492,qwery614,1235058
wrteiytulopsh12837,PerfTest1726,REF493,qwery615,1235059
wrteiytulopsh12838,PerfTest1727,REF494,qwery616,1235060
wrteiytulopsh12839,PerfTest1728,REF495,qwery617,1235061
wrteiytulopsh12840,PerfTest1729,REF496,qwery618,1235062
wrteiytulopsh12841,PerfTest1730,REF497,qwery619,1235063
wrteiytulopsh12842,PerfTest1731,REF498,qwery620,1235064
wrteiytulopsh12843,PerfTest1732,REF499,qwery621,1235065
